Last name;First name;Excluded;DHCJ;Lisiak;Schuppener
A;François-Xavier;;;;
Abad;Diego Joseph;;;;
Abreu;Sébastien d’;;;;
Adanyi;André;;;;
Adriaensens;Corneille;;;;
Agosti;Joseph;;;;
Agostini;Joseph;;;;
Agricola;Joseph;;;;
Aguilon;François d’;;x;;
Aguirre;Jean;;;;
Aigenler;Adam;;;;
Aix;François d’;;;;
Akai;Christophe;;;;
Alagona;Pierre;;;;
Alamanni;Basile;;;;
Alauze;Jacques;;;;
Albayzeta;Isidore;;;;
Albertis;Albert;;;;
Alcazar;Barthélemi;;;;
Alciati;Térence;;;;
Alegre;François-Xavier;;x;;
Aleni;Jules;;;;
Alias;Vincent;;;;
Alvarez;Gaspar;;;;
Amato;Gaëtan de;;;;
Ambrogi;Antoine;;;;
Ambschell;Antoine;;;;
Amidani;Charles;x;;;
Amieu;Jean;;x;;
Amiot;Joseph Marie;;x;;
Amman;Césaire;;;;
Andrade;Louis;;;;
Andre;Yves;;;;
Andrian;Charles;;x;;
Ango;Pierre;;x;;
Anreiter;Thomas;;;;
Apfaltrer;Léopold;;;;
Appenzeller;Jean;;;;
Aquino;Charles d’;;x;;
Aquino;Jean;;;;
Aranha;Silvestre;;;;
Arbosch;Henri;;;;
Arce;Simon;;;;
Arena;Philippe;;x;;
Arendts;Jean-Baptiste;;;;
Arrighetti;Nicolas;;;;
Artal;Jean;x;;;
Arteta;Jean;;x;;
Arzet;Andre;;;;
Asclepi;Joseph Marie;;x;;
Attmayr;Sigismond;;;;
Aubert;Joseph Michel;;;;
Aynscom, Aynscombe;François-Xavier;;;;
Azzoni;François;;;;
Babin;Jacques Paul;;;;
Baegk;Théodoric;;;;
Baldanza;Ignace;;;;
Baldigiani;Antoine;;;;
Banholzer;Jean;;;;
Barbiano;Jean;;x;;
Barca;Joseph Marie;;;;
Bareges;Jean;;;;
Barth;Antoine;;;;
Barthe;Bernard;;;;
Bartoli;Daniel;;;;
Baucheron;Guillaume François;;;;
Baudoncq;Josse;;;;
Baudré;Vautrin;x;;;
Baumann;Christian;;;;
Bayle;Anselme;;;;
Beati;Gabriel;;x;;
Beccadelli;Achille;;;;
Bedekovics;Casimir;;x;;
Bednari;Michel;x;;;
Beerschmidt;George;;;;
Behm;George;;;;x
Belgrado;Jacques;;;;
Bellarmino;Robert;;x;;
Bellosier;Ignace;;;;
Benavente;Louis;;;;
Benevenuti;Charles;;;;
Benoist;Michel;;x;;
Béraud;Laurent;;x;;
Bergmann;Joseph;;;;x
Bernardus;Georges;;;;
Bertal;Etienne;;;;
Bertet;Jean;;;;
Berzeviczi;Henri;;;;
Bettinelli;Xavier;x;;;
Bettini;Mario;;;;
Bèze, Baize;Claude de;;x;;
Bialkowski;Nicolas Casimir;;;;
Biancani;Joseph;;x;;
Bidermann;Jacques;;x;;
Biedau;François;;;;
Biel;Joseph;;;;
Billiot;Jean-Baptiste;;;;
Billy;Jacques;;x;;
Bischoff;Engelbert;;;;
Bisciola;Lelius;x;;;
Bivero;Pierre de;x;;;
Biwald;Léopold;;x;;
Blanchard;Jean-Baptiste;;;;
Blundell;Thomas;;;;
Bobynet;Pierre;;;;
Boelmans;Guillaume;;x;;
Bohomolec;Jean;;;x;
Bolich;Blaise;;;;
Boll;Antoine;;;;
Bonapace;Jean Baptiste;;;;
Bonbardi;Michel;;;;
Bonfa;Jean;;x;;
Bonin;Julien;;;;
Bonnécamp;Pierre Jean de;;x;;
Bono;Michel del;x;;;
Borde;Jean-Baptiste de la;;;;
Borgondio;Horace;;x;;
Borrasa;Mathias;;;;
Borri, Burrus;Christophe;;;;
Boscovich;Roger Joseph;;x;;
Boslan;Joseph;;;;
Bottalla;;;;;
Boudier;Claude Stanislas;;;;
Bougeant;Guillaume Hyacinthe;;x;;
Bourdin;Pierre;;x;;
Bourgnon;Jacques;x;;;
Boutin;Pierre Aloys;;;;
Bovio;Pascal;;;;
Boym;Michel;;;;
Bressani;François Joseph;;x;;
Breton;Adrien le;;;;
Breuil;Jean du;;;;
Briga;Melchior dalla;;;;
Brockard;Aloys;;;;
Broglio;François;;;;
Brumoy;Pierre;;;;
Bruna;François-Xavier;;;;
Brunacci;Dominique;;;;
Brusæus, Busé;Jean (Buys);;;;
Brusati;Jules César;;;;
Brutscher;Jean;;;;
Buffier;Claude;;x;;
Buglio;Louis;;;;
Bunou;Jacques Philippe;;;;
Buonanni;Philippe;;x;;
Burriel;André Marc;;;;
Bystrzycki;Martin;;;x;
Bystrzonowski;Adalbert;;;x;
Bystrzycki;Jovien Frédéric;;;x;
Cabei;Nicolas;;x;;
Caesius;Bernard;;;;
Caffi;Antoine;;;;
Calemberg;Jérôme;;;;
Calzado;Joseph;;;;
Camel, Kamel;George Joseph;;;;
Campion;Le Bienheureux Edmond;x;;;
Campion, Campiano;Jean Antoine;;x;;
Campos;Emmanuel de;;;;
Canas;Joseph da;;;;
Canonici;Matthieu Aloys;x;;;
Capasso;Dominique;;x;;
Capece;Ascagne;;;;
Capittel;André;;x;;
Caprini;Jean Antoine;;x;;
Caracioli;Jean;;;;
Carboni;Jean-Baptise;;;;
Cardell;François;;;;
Carl;Joseph;;;;
Casati;Paul;;x;;
Casini;Antoine;x;;;
Cassal;Pierre de;;;;
Cassani;Joseph;;x;;
Casseda;Pierre Xavier;;;;
Castel;Louis Bertrand;;x;;
Castello-Branco;Antoine de;;;;
Castner;Gaspar;;x;;
Castori;Bernardin;;;;
Castro;Augustin;x;;;
Castro;Melchior de;;;;
Catalano;Pierre;x;;;
Catenius;Othon;;;;
Catrou;;x;;;
Cavallery;Antoine;;;;
Cavina;Virgile;;;;
Caydel;Antoine;;;;
Cayron;Pierre Jean;;x;;
Cazre;Pierre de;;;;
Cerda;Thomas;;x;;
Ceva;Thomas;;x;;
Chales;Claude François Milliet d;;x;;
Chanevelle;Jacques;;;;
Chanseaume;Gaspar Jean;;;;
Chardin;Simon;;;;
Charme;Alexandre de la;;;;
Chastelier;?;;;;
Chatelard;Jean Jacques;;;;
Chiana;Jérôme;;;;
Chiaranda;Jean Paul;;x;;
Chinigh, Sinigh;Jean Jérôme;;;;
Chizewski;Stanislas;;;;
Christel;Joseph;;;;
Cicitius;Albert;;;;
Ciermanns;Jean;;x;;
Clain;Paul;;x;;
Clainer;George;;;;
Clavera;Joseph François;;;;
Clavigero;François-Xavier;;x;;
Clavius;Christophe;;x;;
Clerq;François le;;;;
Cobo;Barnabé de;x;;;
Cocconato;Jean Humbert di;x;;;
Cœrdoux;Gaston Laurent;;;;
Coll;Martin;;;;
Collas;Jean Paul Louis;;x;;
Comilh;Patrice;;;;
Confalonieri;Conrad;;;;
Conrad;Balthasar;;x;;x
Coppylius;Matthieu;;;;x
Cordier;Philippe;;;;
Correa;Thomas;;;;
Coscanus;Oswald;;;;
Costa;Ignace da;;x;;
Cotel;Guillauma;;;;
Couplet;Philippe;x;;;
Courcier;Pierre;;;;
Crauer;Charles;;;;
Crendel;Ferdinand;;;;
Creuzer;Simon;;;;
Cruickelius;Jacques;;;;
Cseffalvai;Paul;;;;
Cuenca;Victorien;;x;;
Curtz;Albert;;;;
Cuvelier;Michel;;;;
Cysat;Jean Baptiste;;x;;
Dabutz;Florian;;;;
Daiser;Jean Baptiste;;;;
Daniel;Gabriel;;;;
Daniele;Fidèle;;;;
Dannenmeyer;Jean;;;;
Danner;Albert;;;;
Darowsky;Jean Casimir;;;;
Dauxon;Hubert;;;;
Davila;Salvador;x;;;
Daxsberger;Joseph;;;;
Deckers;Jean;x;;;
Defontaine;Jacques;;;;
Demarco;Xavier;;;;
Denis;Michel;;;;
Dentrecolles;François-Xavier;x;;;
Der-Kennis;Ignace;;;;
Derienes;Jean;;;;
Desmothes;Jacques;;;;
Desnoyers;Etienne;x;;;
Deuring;Charles;;;;
Dezcallar y Dezcallar;Martin;;;;
Diaz;Emmanuel;;;;
Diesbach;Jean;;;;
Dillherr;Charles;;;;
Dobszewicz;Benoît;;x;x;
Dominis;Marc Antoine de;;x;;
Dorion;Pierre;;;;
Drattenberger;Matthieu;;;;
Drexel;Jérémie;;;;
Drunkenbrot;Jean;;;;
Dubocszki;Jean;;;;
Duchamp;Pierre François-Xavier;;;;
Duclos;Jean Antoine;;;;
Ducros;Gilbert;;;;
Dugué;Rodrigues Louis;;;;
Dumas;Jean;;x;;
Duparc;Jacques Lenoir;x;;;
Durand;Bernard;;;;
Durand;Jaques Honoré;;;;
Durranc;Jean;;;;
Dursoy;Durozoir Jean Baptiste;;;;
Duvergier;François;;;;
Echeagaray;Martin;;;;
Ederi;Pierre Joseph;;;;
Edisford;Jean;;;;
Egel;Ambroise;;;;
Eiselin;Michel;;;;
Eisert;Jean;;;;
Ellspacher;François;;;;
Eltz;Hugues;;;;
Engstler;Joseph Mathias;;;;
Erber;Bernardin;;;;
Erndlin;Joachim;;;;
Eschinardi;François;;x;;
Espinha;Joseph d’;;x;;
Esser;André;;;;
Ester;Bernard;;;;
Everhart;Lambert;;;;
Eximeno;Antoine;;x;;
Faber;Albert;;;;
Faber;Jean Guillaume;;;;
Fabri;Honoré;;x;;
Faille;Jean Charles Della;;x;;
Falck;Joseph;;x;;
Falckenberg;André;;;;
Fassari;Vincent;;;;
Faure;Jean-Baptiste;;x;;
Febvre;Ambroise le;;;;
Feder, Pheder;Georges;;;;
Feichtmayer;Nicolas de Tolentino;;;;
Felker;André;;;;
Feller;François-Xavier;;x;;
Ferrari;Grégoire;;x;;
Ferrero;Charles Hyacinthe;;;;
Ferroni;Joseph;;;;
Févre;Jacques Antoine;;x;;
Feytens;Jean;;;;
Fichet;Alexandre;;;;
Fidati;Jean Baptiste;;;;
Fijan;André Stanislas;;;;
Fischer;Antoine;;;;
Fischer;Jean;;;;
Fitterer;Joseph;;;;
Fiva;Jacques;;;;
Flaschner;Jean;;;;
Flender;Herman;;;;
Flori;Louis;x;;;
Focky;Jacques;;;;
Foeldesse;Jean;;;;
Fontaney;Jean de;;x;;
Fontenilles;Antoine;;;;
Forer;Laurent;;;;
Forest  Du Chesne;Nicolas;;;;
Fournier;George;;x;;
Francken;Godefroi;;;;
Franco;Denis;;;;
François;Jean;;x;;
Francolini;Joseph-Marie;;;;
Franz;Joseph;;x;;
Franzell;André;;;;
Fredefont;Jean Amable Guillaume;;;;
Fridvaldsky;Jean;;x;;
Frings;Henri;;;;
Froelich;Christophe;x;;;
Froelich;Erasme;;;;
Fuchs;Jean;;;;
Fuente Hurtado;Diego de la;;;;
Fulchiron;Jacques;;;;
Fuligatti;Jacques;x;;;
Furtado, Hurtado;François;;;;
Gabler;Mathias;;;;
Gargam;Memmius René;;;;
Garnier;Jean;;;;
Garzoni;Léonard;;;;
Gaso;Etienne;;;;
Gaubil;Antoine;;x;;
Gautruche;Pierre;;x;;
Geerts;Corneille;;;;
Geiger;Antoine;;;;
Geilster;François;;;;
George;Jacques;;;;
Gerbillon;Jean-François;;x;;
Gerra;Jean Dominique;;;;
Gersoldi;Joseph Adam;;;;
Ghezzi;Nicolas;;;;
Gianella;Charles François;;x;;
Giannettasio;Nicolas Parentio;;;;
Gianpriamo, Giampriamo;Nicolas;;x;;
Giattini;Jean Baptiste;;x;;
Ginnaro;Bernardin;;;;
Gioeni;Jean-Baptiste;;;;
Giovene;Joseph Marie;;;;
Giulii;Gilles Marie;;;;
Gleixner;François;;;;
Gleresse;Joseph;;;;
Gobart;Laurent;;;;
Gobat;George;x;;;
Goeul;Nicolas le;;;;
Gonzaga, Gonzague;Saint Louis de;x;;;
Gooden;Jacques;;;;
Gorgoni;Justinien;;;;
Gorski;?;;;;
Gottignies;Gilles François de;;x;;
Gottscheer, Gottseer;Martin;;x;;
Gouye;Thomas;;x;;
Grammatici;Nicaise;;;;
Grandami;Jacques;;;;
Grassi;Horace;;x;;
Grebner;Thomas;;;;
Gretser, Gretscher;Jacques;;;;
Grienberger;Christophe;;x;;
Griesenbeck;Didier;;;;
Grimaldi;François;;;;
Grodzicki;Faustin;;;x;
Grothaus;Jean;;;;
Guarini;Ignace;;;;
Guérin;Guillaume;;;;
Guessmann, Gussman, Gysmann;François;;x;;
Gulden;Joseph;;;;
Guldin;Paul;;x;;
Gundl;Joseph;;;;
Hager;Balthasar;;;;
Halden;Jean-Baptiste;;x;;
Hallerstein;Augustin;;x;;
Halloy;Pierre de;;;;
Halwax;François-Xavier;;;;
Hancke;Jean;;;;x
Handel;Ignace;;;;
Hansiz;Marc;x;;;
Haraucourt de Chamblay;César François;;;;
Hardouin;Jean;;x;;
Harnischmacher;Jean;;;;
Harouys;Nicolas d’;;;;
Hartmann;Sigismond Ferdinand;;;;x
Hartzheim;Joseph;;x;;
Haunold;Christophe;;x;;
Hausmann;Léonard;;;;
Hautecour;Jacques Louis Pinot de;;;;
Hautoye;Antoine de la;;;;
Heidfeld;Adam;;;;
Hein;Wolfgang;;;;
Heinisch;Jacques;;;;x
Heinrich;Christophe;;;;x
Heislinger;Antonin;;;;
Helfenzrieder;Jean;;x;;
Hell;Gaspar;;;;
Hell;Maximilian;;x;;
Hennin;Jean de;x;;;
Henry;Jacques;;;;
Herbert;Joseph de;;x;;
Herbestus;Benoît;;x;;
Herele;David;;;;
Hermann;Jean;;;x;
Hertenstein;Léodegard;;;;
Hertl;Ignacio;;;;
Herwarth;Frédéric;;;;
Hesius, Hees van;Guillaume;;x;;
Hevensi;Gabriel;;x;;
Higgins;Adam;;;;
Hildebrand;Pierre;;;;
Hildeyard, Hilliar;Thomas;;x;;
Hoeller;François;;;;
Hoffmann;François;;;;
Holtzchlau;Thomas;;x;;
Holywood, a sacro bosco;Christophe;x;;;
Holzeisen;Antoine;;;;
Holzhay;George;;;;
Hompeck;Antoine;;;;
Horion;Jean de;;;;
Horvath;Jean-Baptiste;;x;;
Hoste;Paul;;x;;
Huberti;François;;;;
Hug;Hugo Pierre;;;;
Hugo;Hermann;;x;;
Incarville;Pierre d’;;x;;
Inchofer;Melchior;;x;;
Ivansics;Jean;;x;;
Izzo;Jean-Baptiste;;x;;
Jacobs;Jean;;;;
Jacquet;Luis;x;;;
Janossi;Nicolas;;;;
Janowka;Théophile;;;;
Jarrige;Pierre;x;;;
Jartoux;Pierre;;x;;
Jaszlinsky;André;;x;;
Jerg;Maximilien;;;;
Jonghe;Jean de;x;;;
Jordin;Antoine;;;;
Jouvancy;Joseph de;x;;;
Jung; Jean;;x;;
Junglingk;Jean;;;;x
Jurewicz;Stanislas;;;;
Karicher;Lambert;;;;
Kaschutnig;Jean-Baptiste;;;;
Kattenpoeck;Bernard;;;;
Kereckes;Martin;;;;
Keri;François-Borgia;;x;;
Kerich;Gaspar;;;;
Kern;George;;;;
Kerschpaumber;Jean;;;;
Khell, de Khellburg;Joseph;;x;;
Kierski;Valentin;;;;
Kinich;Jean Jérome;;;;
Kino, Chino;Eusèbe François;;x;;
Kircher;Athanasius;;x;;
Kirwitzer;Wenceslas Pantaléon;;x;;
Kisling;Jean;;;;
Kitzner;Balthazar;;;;
Klaus;Michel;;;;
Klausal;Jean;x;;;
Klein;Jean;;;;
Kleiner;Joseph;;;;
Kniazewicz;Grégoire;;;x;
Knittel;Gaspar;;;;x
Kochanski;Aadam Adamand;;x;x;x
Koegler;Ignace;;;;
Koenig;Jérôme;;x;;x
Koerber;Jean;;;;x
Koessler;Joseph;;;;
Kojalwicz Wijuk;Albert;;x;;
Krammer;Michel;x;;;
Kraz;George;;;;
Kresa;Jacques;;x;;x
Kreussler;Ignace;;;;
Krieger;Willibald;;;;
Krimpen, Crimpen;François-Xavier;;;;
Kruger;Oswald;;x;x;
Kylian;Jacques;;;;
Kylman;Regnier;;;;
Labarthe;Barthélemy;;;;
Labbe;Philippe;;x;;
Lacarry;Gilles (Vuitanus?);;;;
Lachmayr;Charles;;;;
Lafitau;Joseph François;;x;;
Lagrange;Louis;;;;
Lamberti;Jean;;;;
Lampard, Lampater;Henri;x;;;
Lana-Terzi;François;;x;;
Langer;George;;;;
Languedoc;Michel;;;;
Lantz;Jean;;;;
Laroque;Gaspar Lautent;;;;
Laroquette;Pierre Joseph;;;;
Lauro;Lauretus;;;;
Laval;Antoine de;;x;;
Layman;Paul;;x;;
Leal;Antoine;x;;;
Lecchi;Jean Antoine;;x;;
Leinberger;Wolfgang;;;;
Leone;Jean di;;;;
Léotaud;Vicent;;;;
Leslie;André;x;;;
Leurechon;Jean;;;;
Liesganig;Joseph;;x;;
Lima;François de;;;;
Line, Linius or Hallo;François;;x;;
Linek;Charles;x;;;
Lippay;Jean;;x;;
Lipsics;Michel;;;;
Lohe;Henri;;;;
Lombardi;Jéromôme;x;;;
Longobardi;Nicolas;;x;;
Lotti;Charles;;;;
Loubere;Antoine de la;;x;;
Loureiro;Jean de;;x;;
Lozano;Pierre;;;;
Lozeran Du Fesc;Louis Antoine;;;;
Lubecki;Jean;;;;
Lucas;Joseph Michel;;;;
Ludescher;Fidéle;;;;
Luino;François;;;;
Lumm;Hermann;;;;
Lupperger;Jacques;;;;
Luskina;Etienne;;x;x;
Lux, Luz;Christophe;;;;
Maciejowski;Jacques;;;;
Macrini;Jean;;;;
Maelcote;Odon van;;;;
Maendl;Gaspar;x;;;
Maggioni;Jean;;;;
Mahoudeau;Jean Mathias;;;;
Maire;Christophe;;x;;
Mairhofer;Mathias;;;;
Mako de Kerck-Gede;Paul;;x;;
Malagrida;Gabriel;x;;;
Malapert;Charles;;;x;
Mangold;Joseph;;;;
Manhart;Jean;;;;
Manicor;Antoine;;;;
Mannhart;François-Xavier;;;;
Maralt;Frédéric;;;;
Marcellius;Henri;;;;
Marche;Jean Francois de la;;;;
Marchelli;Jean;;;;
Marck;Michel;;;;
Mariana;Jean;x;;;
Marinis;Dominique de;;;;
Martini;Jacques;;;;
Martins;Ignace;;;;
Masculus;Jean-Baptiste;;;;
Maso;Jacques;;;;
Mattioli;Hercule;;;;
Maugeraye;Francois de la;;;;
Mayer;Christian;;x;;
Mayr;Jean;;;;
Mayr;Pierre;;;;
Mazzolari;Joseph Marie (or Josephus Marianus Parthenius);x;;;
Meisner;Ferdinand;;;;
Melchior;Hermes;;;;
Melzi;Antoine;;;;
Menegatti;Francois;;;;
Menestrier;Claude Francois;;;;
Menoux;Joseph de;x;;;
Mercatelle;?;;;;
Merville;Jean Nicolas Cairon de;;;;
Metzger;Wolfgang;;;;
Mezbourg;Gegorges Ignace von;;;;
Middenndorf;Lubert;;;;
Militor;Isaie;;;;
Minet;Louis;;;;
Mire;Nicolas Joseph le;;;;
Mitterdorffer;Sébastien;;;;
Molitor;Isaïe;;;;
Mondegai;Michel;x;;;
Monestier;Blaise;;;;
Monschein;Joseph;;;;
Montauzan;François de;;;;
Montegnana;Ferdinand de;;;;
Monteiro;Ignacio;;x;;
Montenegro;Pierre;x;;;
Monville;Albert de;;;;
Mora;Félix;;;;
Morand;Jean Claude Ignace;;;;
Moretus;Théodore;;x;;x
Moulin;Hubert;;;;
Mourgues;Michel;;;;
Muehlwentzl;Ignace;;;;
Muettinger;Louis;;;;
Mundbrot;Gauthier;;x;;
Mussara;Jean Francois;;;;
Nakcyanowicz;Jacques;;;x;
Negrone;Jules;x;;;
Neuhauser;Bernard;;;;
Nicolas;Pierre;;x;;
Nieremberg;Jean Eusèbe;;;;
Nivelle;Jacques;;;;
Noceto;Jean-Baptiste;;;;
Noel;Etienne;;x;;
Noel;Francois;;x;;
Nyel;Armand Jean Xavier;x;;;
Obermayr;Wolfgang;;;;
Oliveira;Bernard;;;;
Opffermann;Luc;;;;
Pachner;François;;;;
Pajot;Charles;;;;
Pala;Sauveur;;;;
Pallu;Jean;;;;
Palmieri;Hippolyte;;;;
Panigai;Barthélemy;;;;
Papazzoni;Jean-Baptiste;;;;
Papon;Jean;;;;
Para;François;;;;
Pardies;Ignace Gaston;;x;;
Parrenin;Dominique;;;;
Paulian, Paulhan;Aimé Henri;;;;
Paur;André;;x;;
Pazmani;Pierre;x;;;
Peier;Roch;;;;
Pennequin;Pierre;;;;
Perbegg;Joseph;;;;
Percheron;Antoine Nicolas;;;;
Pereyra;André;;x;;
Perottoni;Jean Dmonique;;;;
Perret;Josse;;;;
Pers;Jean-Baptiste;;;;
Pessier;Jean le;;;;
Petau;Denis;;x;;
Petrei;Jean François;;x;;
Pexenfelder;Michel;;;;
Pezenas;Esprit;;x;;
Pfeffer;Henri;;;;
Pfriem;Joseph;;;;
Philippi;Henri (Prescensis?);;;;x
Pichelmayer;Paul;;;;
Pickel;Ignace;;x;;
Pierre;François de;;;;
Piganelli;Ambroise;;;;
Pilgram;Antoine;;x;;
Pineda;Jean de;x;;;
Piramowicz;Grégoire;;;;
Planck;Jean-Baptiste;;;;
Plata;François Marie;;;;
Pleyer;Joseph;;;;
Poczobut;Martin Odlanicki;;x;x;
Poda von Neuhaus;Nicolas;;x;;
Pohl;Joseph;;;;
Polansky;Népomucène;;;;
Polansky;Thaddée;;;;
Pomey;François;;x;;
Poszakowski;Jean;;;;
Pothier;Antoine Louis;;;;
Preckenfeldt;François;;;;
Préville;Louis Joseph de;;;;
Puchberger;Martin;;;;
Pusch;Sigismond;;x;;
Querck;Ignace;;;;
Rabuel;Claude;;;;
Radonvilliers;Claude François Lysarde de;x;;;
Ramazzini;Antoine;x;;;
Rebecque;Joseph Ignace;;;;
Recalde;Barthélemy de;x;;;
Rechlinger or Rehlinger;Frédéric;;;;
Rechtenberg;Wolfgang;;;;
Recupito;Jules César;;;;
Redlhamer;Joseph;;;;
Regalino;Jean-Baptiste;;;;
Reggio;Michel-Ange;;;;
Regis;Jean-Baptiste;;x;;
Regnault;Noël;;;;
Reichenau;Joseph;;;;
Reihing;Conrad;;;;
Reihing;Jacques;;;;
Reindel;Rupert;;;;
Reinzer;François;;;;
Reuss;George;;;;
Reviczki;Ignace;x;;;
Rho, Ro;Jacques (Lo-ya-kou Wei chao);;x;;
Ribeyro;François;;;;
Riccati;Vincent;;x;;
Ricci;Matthieu;;x;;
Richard;Claude;;x;;
Richaud;Jean;;x;;
Richtenburg;Joachimg von;;;;
Richter;Ferdinand;;;;
Riedthaler;Mathias;;;;
Rieger;Chrétien;;x;;
Riezinger;Colman;;;;
Riston;Jean;;;;
Rivoire;Antoine;;;;
Roberti;Jean;;x;;
Roche;Jean de la;;;;
Rochette;Louis;;;;
Rodrigues;François;;x;;
Roehr;Jean;;;;
Rogacci;Benoîz;x;;;
Rogalinski;Pierre;;x;x;
Roschmann;Christophe;;;;
Rosciszewski;Adalbert;x;;;
Rosenthal;Jean;;;;
Rost;Thomas;;;;
Rostan;Alexandre Pancrace;;;x;
Rotenhan;Marquard von;;;;
Roth;Charles;;;;
Rouillé;Pierre Julien;;;;
Roys;François-Xavier;;;;
Rzaczynski;Gabriel;;;;
Sachheri;Jérôme;;x;;
Sacré;Servais;;;;
Sadry;Jean;;;;
Sagner;Gaspar;;;;x
Saheer;Ferdinand;;;;
Sainovics;Jean Népomucène;;x;;
Saint-Bonnet;Jean de;;;;
Saint-Rigaud;François de;;;;
Saint-Vincent;Grégoire de;;x;;
Salas;Jean de;;x;;
Salino;Bernardin;;;;
Salmoni;Pierre Marie;;;;
Salomoni;Pierre Marie;;;;
Sanadon;Noël Etienne;;;;
Sanchez de Luna;Janvier;;;;
Santi;Charles Antoine;;;;
Sanvitale;Fréderic;;;;
Saphorius;Arnauld;;;;
Sarasa;Alphonse Antoine de;;x;;
Sarbiewski;Mathias Casimir;;;;
Sarrabat;Nicolas;;;;
Sartolo;Bernard;;;;
Sattelberger;Henri;;;;
Saur;Georges;;;;
Sauvage;Henri Michel;;x;;
Savastano;François Eulalius;;;;
Savignano;Jérôme;;;;
Savoy;Gaspar;;;;
Scanelli;César;;;;
Schaal;Joseph;;;;
Schaffer;André;;;;
Schall von Bell;Jean Adam;;x;;
Scheiner;Christophe;;x;;
Scherffer;Charles;;x;;
Schiffermiller;Ignace;;x;;
Schmacker;Théodore;;;;
Schmid;Joseph;;;;
Schmidt;Etienne;;;;x
Schmidt;Philippe Antoine;;;;
Schmitz;Josephe;;;;
Schoder;Martin;;;;
Schoenberger;George;;;;x
Schoettl;Grégoire;;;;
Schoettl;Jean-Baptiste;;;;
Schott;André;;;;
Schott;Gaspar;;x;;
Schramm;Jacques;x;;;
Schreck;Wolfgang;x;;;
Schreiber;Joseph;;;;
Schuch;François;;;;
Schuster;Frédéric;;;;
Schwab;Jean;;;;
Schwanasi;Jean Baptiste;;;;
Seiringer;Martin;x;;;
Seitz;Ignace;;;;
Semmes;Joseph;;;;
Semple;Hugues;;;;
Sette;Nicolas;;;;
Seybold;Joseph;;;;
Siekierzynski;Thomas;;;x;
Silberhorn;Christophe;;;;
Simonelli;Jacques Philippe;;x;;
Simunich;Jean-Baptiste;;x;;
Siserus;Sigismond;;;;
Sivieri;Hippolyte;;;;
Slaughter;Edouard;;;;
Slawiczek;Charles;;x;;
Slesina;Jean;;;;
Smogulecki;Nicolas (or Smogolenski);;x;x;
Soares;Diego;;x;;
Socher;Joseph;;;;
Solennet;Jean;;;;
Solski;Stanislas;;x;x;
Sonner;Joseph;;;;
Souciet;Etienne;;;;
Spedalieri;Melchior;;;;
Spengler;Joseph;;;;
Spernezzati;Augustin;x;;;
Spinelli;Dominique Ignace;;;;
Spinola;le Bienheureux Charles;;x;;
Sslayer;Benjamin;;;;
Stadler;Daniel;;;;
Stadler;François de Sales;;;;
Stafford, Lee;Ignace;;;;
Stain;Charles;;;;
Stainer;Sébastien;;;;
Stainniger;Joseph;;;;
Stansel;Valentin;;;;x
Stattler;Benoît;;x;;
Staudacher;Nicolas;;;;
Steborius;Christophe;;;;
Steindel;François-Xavier;;;;
Steinmeyer;Philippe;;;;
Stepling;Joseph;;x;;
Sterr;Gaspar;;;;
Storer;François;;x;;
Streitt;Thomas;;;;
Strobl;François;;;;
Stromair;Balthasar;;;;
Suarez;Bonaventure;;;;
Sudan;Claude;;;;
Swietecki;Jacques;;;x;
Szekeli;François;;;;
Szembek;Frédéric;;;;
Szendrei;Joseph;;;;
Szent-Ivany;Martin;;x;;
Sztancsak;Jean;;;;
Tacquet;André;;x;;
Tamburelli;Darius;;;;
Tanner;Mathias;;;;
Taucher;François;;;;
Telles;Antoine;;;;
Tellier;Jean;x;;;
Terentius, Terrenzius;Jean;;x;;
Termeyer;Raymond Marie;;x;;
Terreros y Pando;Etienne;;x;;
Tessaneck;Jean;;;;x
Texeira;Joseph;;;;
Thanner;Jean;;;;
Thebas;Jacques;;;;
Thomas;Antoine;;x;;
Thonhauser;Théphile;;;;
Thullner;Jean-Baptiste;;;;
Tichy;Martin;;;;
Tiefenthaller;Joseph;;x;;
Tipaldi;Jean André;;;;
Tirnberger;Charles;;x;;
Tolomas;Charles Pierre Xavier;;;;
Tortosa;François;;;;
Tosch;Charles;;;;
Tournemine;René Joseph de;;;;
Tournu;Jean Antoine;;;;
Traber;Zacharie;;;;
Trembloy;Jean-Baptiste;;;;
Trémoille;Antoine de la;;;;
Trigault;Nicolas;;;;
Troili;Dominique;;;;
Trotta;Jean-Baptiste;;;;
Trotyanne;François;;;;
Truchses;Eusèbe;;;;
Tulawski;Joseph;;;;
Tullensis;Jean Gérard;;;;
Turotzi;Ladislas;;;;
Tylkowski;Adalbert;;x;x;
Udri;Pierre;;;;
Ulloa;Pierre;;;;
Unterrichter;Joseph;;;;
Urigoitia;Jean;x;;;
Ursis;Sabbatinus de;;;;
Vagnoni;Alphonse;;x;;
Vaillant de Gueslis;François;x;;;
Vallat;Jean;x;;;
Valois;Yves;;;;
Valtrini;Jean Antoine;;;;
Vanni;Jean François;;;;
Varcin;Aimé;;;;
Varo, Varrone;Sauveur;x;;;
Veiga;Eusèbe da;;x;;
Vella;Ignace;;;;
Verbiest;Ferdinand;;x;;
Vieira, Vieyra;Antoine;x;;;
Vieyra;Ignace;;x;;
Visconte;Jean Marie;;;;
Visler;Ferdinand;;;;
Vitelleschi;Mutius;;x;;
Vitry;Edouard de;;x;;
Viva;Jacques;;;;
Voellus;Jean;;;;
Vogler;Joseph;;;;
Volpi;Joseph Roch;x;;;
Vols;Ernest;;;;
Vorster;Antoine;;;;
Vorster;Guillaume;;;;
Vota, Votta;Charles Maurice;;;;
Wagemann;Louis;;;;
Wahner;Zacharie;;;;
Waibl;André;;;;
Walcher;Joseph;;x;;
Waldner;François-Xavier;;;;
Weilhamer;Guillaume;;;;
Weinhart zu Tierburg und Vollantsegg;Ignace;;;;
Weis;Georges;;;;
Weiss;François;;x;;
Weitenauer;Ignace;;;;
Wenck;Gaspar;;;;
Wendlingen;Jean;;x;;
Wex;Jacques;;;;
Wezinger;Léopold;;;;
Widmann;Joseph;;;;
Wiesner;George François;;;;
Wietrowski;Maximilien;;;;
Wiltheim;Jean Guillaume de;;;;
Wolckenstain;Guillaume;;;;
Worel;Charles;;;;
Wydra;Stanlislas;;x;;
Wyrwicz;Charles;;;;
Wysing;Nicolas;;x;;
Ximenes;Lénoard;;x;;
Zacagnini;Antoine;;x;;
Zahn;?;x;;;
Zallinger zum Thurm;François Séraphin von;;;;
Zallinger zum Thurm;Jacques-Antoine;;x;;
Zallinger zum Thurm;Jean-Baptiste;;;;
Zanchi;Joseph;;;;
Zanner;Ignace;;;;
Zaragoza;Joseph;;x;;
Zareba;Jacques;;;;
Zauli;Joseph Marie;;;;
Zebrowski;Thomas;;x;x;
Zech;François-Xavier;;x;;
Zeno;François;;;;x
Zeplichal;Antoine;;;;
Zetl;Paul;;;;
Ziegler;Jean Reinhard;;x;;
Zimmermann;Joseph Ignace;x;;;
Zucchi;Nicolas;;x;;
Zugasti;François Ortiz;;;;
Zumkley;Gaspar;;;;
Zupi;Jean-Baptiste;;;;
Zweisig;François Joseph;;;;